{"search":"","showTags":false,"showAttachments":false,"hideUnresolved":false,"showOrphans":true,"showArrow":false,"textFadeMultiplier":-0.6,"nodeSizeMultiplier":1.28370786516854,"lineSizeMultiplier":1.97191011235955,"centerStrength":0.213675213675214,"repelStrength":5.64102564102564,"linkStrength":0.401709401709402,"linkDistance":250,"scale":0.5087618855792586}